league_id_x,draft_id,draft_order,scoring_type,season,type,status,rounds,slots_qb,slots_rb,slots_wr,slots_te,slots_flex,slots_super_flex,slots_bn,league_id_y,draft_slot,pick_no,is_keeper,player_first,player_last,player_id,position,roster_id,picked_by
1100882241665830912,1100882242525679616,"{'803176206307565568': 9, '863661771553091584': 1, '869365572033527808': 8, '872025954271305728': 11, '903802350337392640': 7, '965412604296417280': 5}",2qb,2024,snake,complete,17,1,2,3,1,1,1,8,1100882241665830912,1,1,,Josh,Allen,4984,QB,1,863661771553091584
1100882241665830912,1100882242525679616,"{'803176206307565568': 9, '863661771553091584': 1, '869365572033527808': 8, '872025954271305728': 11, '903802350337392640': 7, '965412604296417280': 5}",2qb,2024,snake,complete,17,1,2,3,1,1,1,8,1100882241665830912,2,2,,Patrick,Mahomes,4046,QB,2,508836710112821248
1100882241665830912,1100882242525679616,"{'803176206307565568': 9, '863661771553091584': 1, '869365572033527808': 8, '872025954271305728': 11, '903802350337392640': 7, '965412604296417280': 5}",2qb,2024,snake,complete,17,1,2,3,1,1,1,8,1100882241665830912,3,3,,Jalen,Hurts,6904,QB,3,610899917254406144
1100882241665830912,1100882242525679616,"{'803176206307565568': 9, '863661771553091584': 1, '869365572033527808': 8, '872025954271305728': 11, '903802350337392640': 7, '965412604296417280': 5}",2qb,2024,snake,complete,17,1,2,3,1,1,1,8,1100882241665830912,4,4,,CeeDee,Lamb,6786,WR,4,839826597862309888
1100882241665830912,1100882242525679616,"{'803176206307565568': 9, '863661771553091584': 1, '869365572033527808': 8, '872025954271305728': 11, '903802350337392640': 7, '965412604296417280': 5}",2qb,2024,snake,complete,17,1,2,3,1,1,1,8,1100882241665830912,5,5,,C.J.,Stroud,9758,QB,5,965412604296417280
1100882241665830912,1100882242525679616,"{'803176206307565568': 9, '863661771553091584': 1, '869365572033527808': 8, '872025954271305728': 11, '903802350337392640': 7, '965412604296417280': 5}",2qb,2024,snake,complete,17,1,2,3,1,1,1,8,1100882241665830912,6,6,,Tyreek,Hill,3321,WR,6,655452207918981120
1100882241665830912,1100882242525679616,"{'803176206307565568': 9, '863661771553091584': 1, '869365572033527808': 8, '872025954271305728': 11, '903802350337392640': 7, '965412604296417280': 5}",2qb,2024,snake,complete,17,1,2,3,1,1,1,8,1100882241665830912,7,7,,Lamar,Jackson,4881,QB,7,903802350337392640
1100882241665830912,1100882242525679616,"{'803176206307565568': 9, '863661771553091584': 1, '869365572033527808': 8, '872025954271305728': 11, '903802350337392640': 7, '965412604296417280': 5}",2qb,2024,snake,complete,17,1,2,3,1,1,1,8,1100882241665830912,8,8,,Joe,Burrow,6770,QB,8,869365572033527808
1100882241665830912,1100882242525679616,"{'803176206307565568': 9, '863661771553091584': 1, '869365572033527808': 8, '872025954271305728': 11, '903802350337392640': 7, '965412604296417280': 5}",2qb,2024,snake,complete,17,1,2,3,1,1,1,8,1100882241665830912,9,9,,Christian,McCaffrey,4034,RB,9,803176206307565568
1100882241665830912,1100882242525679616,"{'803176206307565568': 9, '863661771553091584': 1, '869365572033527808': 8, '872025954271305728': 11, '903802350337392640': 7, '965412604296417280': 5}",2qb,2024,snake,complete,17,1,2,3,1,1,1,8,1100882241665830912,10,10,,Bijan,Robinson,9509,RB,10,330890120926343168
1100882241665830912,1100882242525679616,"{'803176206307565568': 9, '863661771553091584': 1, '869365572033527808': 8, '872025954271305728': 11, '903802350337392640': 7, '965412604296417280': 5}",2qb,2024,snake,complete,17,1,2,3,1,1,1,8,1100882241665830912,11,11,,Justin,Jefferson,6794,WR,11,872025954271305728
1100882241665830912,1100882242525679616,"{'803176206307565568': 9, '863661771553091584': 1, '869365572033527808': 8, '872025954271305728': 11, '903802350337392640': 7, '965412604296417280': 5}",2qb,2024,snake,complete,17,1,2,3,1,1,1,8,1100882241665830912,12,12,,Amon-Ra,St. Brown,7547,WR,12,710677084837572608
1100882241665830912,1100882242525679616,"{'803176206307565568': 9, '863661771553091584': 1, '869365572033527808': 8, '872025954271305728': 11, '903802350337392640': 7, '965412604296417280': 5}",2qb,2024,snake,complete,17,1,2,3,1,1,1,8,1100882241665830912,12,13,,Jordan,Love,6804,QB,12,710677084837572608
1100882241665830912,1100882242525679616,"{'803176206307565568': 9, '863661771553091584': 1, '869365572033527808': 8, '872025954271305728': 11, '903802350337392640': 7, '965412604296417280': 5}",2qb,2024,snake,complete,17,1,2,3,1,1,1,8,1100882241665830912,11,14,,Anthony,Richardson,9229,QB,11,872025954271305728
1100882241665830912,1100882242525679616,"{'803176206307565568': 9, '863661771553091584': 1, '869365572033527808': 8, '872025954271305728': 11, '903802350337392640': 7, '965412604296417280': 5}",2qb,2024,snake,complete,17,1,2,3,1,1,1,8,1100882241665830912,10,15,,Jared,Goff,3163,QB,10,330890120926343168
1100882241665830912,1100882242525679616,"{'803176206307565568': 9, '863661771553091584': 1, '869365572033527808': 8, '872025954271305728': 11, '903802350337392640': 7, '965412604296417280': 5}",2qb,2024,snake,complete,17,1,2,3,1,1,1,8,1100882241665830912,9,16,,Breece,Hall,8155,RB,9,803176206307565568
1100882241665830912,1100882242525679616,"{'803176206307565568': 9, '863661771553091584': 1, '869365572033527808': 8, '872025954271305728': 11, '903802350337392640': 7, '965412604296417280': 5}",2qb,2024,snake,complete,17,1,2,3,1,1,1,8,1100882241665830912,8,17,,Ja'Marr,Chase,7564,WR,8,869365572033527808
1100882241665830912,1100882242525679616,"{'803176206307565568': 9, '863661771553091584': 1, '869365572033527808': 8, '872025954271305728': 11, '903802350337392640': 7, '965412604296417280': 5}",2qb,2024,snake,complete,17,1,2,3,1,1,1,8,1100882241665830912,7,18,,Kyler,Murray,5849,QB,7,903802350337392640
1100882241665830912,1100882242525679616,"{'803176206307565568': 9, '863661771553091584': 1, '869365572033527808': 8, '872025954271305728': 11, '903802350337392640': 7, '965412604296417280': 5}",2qb,2024,snake,complete,17,1,2,3,1,1,1,8,1100882241665830912,6,19,,Garrett,Wilson,8146,WR,6,655452207918981120
1100882241665830912,1100882242525679616,"{'803176206307565568': 9, '863661771553091584': 1, '869365572033527808': 8, '872025954271305728': 11, '903802350337392640': 7, '965412604296417280': 5}",2qb,2024,snake,complete,17,1,2,3,1,1,1,8,1100882241665830912,5,20,,A.J.,Brown,5859,WR,5,965412604296417280
1100882241665830912,1100882242525679616,"{'803176206307565568': 9, '863661771553091584': 1, '869365572033527808': 8, '872025954271305728': 11, '903802350337392640': 7, '965412604296417280': 5}",2qb,2024,snake,complete,17,1,2,3,1,1,1,8,1100882241665830912,4,21,,Caleb,Williams,11560,QB,4,839826597862309888
1100882241665830912,1100882242525679616,"{'803176206307565568': 9, '863661771553091584': 1, '869365572033527808': 8, '872025954271305728': 11, '903802350337392640': 7, '965412604296417280': 5}",2qb,2024,snake,complete,17,1,2,3,1,1,1,8,1100882241665830912,3,22,,Puka,Nacua,9493,WR,3,610899917254406144
1100882241665830912,1100882242525679616,"{'803176206307565568': 9, '863661771553091584': 1, '869365572033527808': 8, '872025954271305728': 11, '903802350337392640': 7, '965412604296417280': 5}",2qb,2024,snake,complete,17,1,2,3,1,1,1,8,1100882241665830912,2,23,,Dak,Prescott,3294,QB,2,508836710112821248
1100882241665830912,1100882242525679616,"{'803176206307565568': 9, '863661771553091584': 1, '869365572033527808': 8, '872025954271305728': 11, '903802350337392640': 7, '965412604296417280': 5}",2qb,2024,snake,complete,17,1,2,3,1,1,1,8,1100882241665830912,1,24,,Jahmyr,Gibbs,9221,RB,1,863661771553091584
1100882241665830912,1100882242525679616,"{'803176206307565568': 9, '863661771553091584': 1, '869365572033527808': 8, '872025954271305728': 11, '903802350337392640': 7, '965412604296417280': 5}",2qb,2024,snake,complete,17,1,2,3,1,1,1,8,1100882241665830912,1,25,,Jonathan,Taylor,6813,RB,1,863661771553091584
1100882241665830912,1100882242525679616,"{'803176206307565568': 9, '863661771553091584': 1, '869365572033527808': 8, '872025954271305728': 11, '903802350337392640': 7, '965412604296417280': 5}",2qb,2024,snake,complete,17,1,2,3,1,1,1,8,1100882241665830912,2,26,,Chris,Olave,8144,WR,2,508836710112821248
1100882241665830912,1100882242525679616,"{'803176206307565568': 9, '863661771553091584': 1, '869365572033527808': 8, '872025954271305728': 11, '903802350337392640': 7, '965412604296417280': 5}",2qb,2024,snake,complete,17,1,2,3,1,1,1,8,1100882241665830912,3,27,,Marvin,Harrison,11628,WR,3,610899917254406144
1100882241665830912,1100882242525679616,"{'803176206307565568': 9, '863661771553091584': 1, '869365572033527808': 8, '872025954271305728': 11, '903802350337392640': 7, '965412604296417280': 5}",2qb,2024,snake,complete,17,1,2,3,1,1,1,8,1100882241665830912,4,28,,Drake,London,8112,WR,4,839826597862309888
1100882241665830912,1100882242525679616,"{'803176206307565568': 9, '863661771553091584': 1, '869365572033527808': 8, '872025954271305728': 11, '903802350337392640': 7, '965412604296417280': 5}",2qb,2024,snake,complete,17,1,2,3,1,1,1,8,1100882241665830912,5,29,,Travis,Kelce,1466,TE,5,965412604296417280
1100882241665830912,1100882242525679616,"{'803176206307565568': 9, '863661771553091584': 1, '869365572033527808': 8, '872025954271305728': 11, '903802350337392640': 7, '965412604296417280': 5}",2qb,2024,snake,complete,17,1,2,3,1,1,1,8,1100882241665830912,6,30,,Kyren,Williams,8150,RB,6,655452207918981120
1100882241665830912,1100882242525679616,"{'803176206307565568': 9, '863661771553091584': 1, '869365572033527808': 8, '872025954271305728': 11, '903802350337392640': 7, '965412604296417280': 5}",2qb,2024,snake,complete,17,1,2,3,1,1,1,8,1100882241665830912,7,31,,Davante,Adams,2133,WR,7,903802350337392640
1100882241665830912,1100882242525679616,"{'803176206307565568': 9, '863661771553091584': 1, '869365572033527808': 8, '872025954271305728': 11, '903802350337392640': 7, '965412604296417280': 5}",2qb,2024,snake,complete,17,1,2,3,1,1,1,8,1100882241665830912,8,32,,Sam,LaPorta,10859,TE,8,869365572033527808
1100882241665830912,1100882242525679616,"{'803176206307565568': 9, '863661771553091584': 1, '869365572033527808': 8, '872025954271305728': 11, '903802350337392640': 7, '965412604296417280': 5}",2qb,2024,snake,complete,17,1,2,3,1,1,1,8,1100882241665830912,9,33,,Brock,Purdy,8183,QB,9,803176206307565568
1100882241665830912,1100882242525679616,"{'803176206307565568': 9, '863661771553091584': 1, '869365572033527808': 8, '872025954271305728': 11, '903802350337392640': 7, '965412604296417280': 5}",2qb,2024,snake,complete,17,1,2,3,1,1,1,8,1100882241665830912,10,34,,Saquon,Barkley,4866,RB,10,330890120926343168
1100882241665830912,1100882242525679616,"{'803176206307565568': 9, '863661771553091584': 1, '869365572033527808': 8, '872025954271305728': 11, '903802350337392640': 7, '965412604296417280': 5}",2qb,2024,snake,complete,17,1,2,3,1,1,1,8,1100882241665830912,11,35,,Justin,Herbert,6797,QB,11,872025954271305728
1100882241665830912,1100882242525679616,"{'803176206307565568': 9, '863661771553091584': 1, '869365572033527808': 8, '872025954271305728': 11, '903802350337392640': 7, '965412604296417280': 5}",2qb,2024,snake,complete,17,1,2,3,1,1,1,8,1100882241665830912,12,36,,Derrick,Henry,3198,RB,12,710677084837572608
1100882241665830912,1100882242525679616,"{'803176206307565568': 9, '863661771553091584': 1, '869365572033527808': 8, '872025954271305728': 11, '903802350337392640': 7, '965412604296417280': 5}",2qb,2024,snake,complete,17,1,2,3,1,1,1,8,1100882241665830912,12,37,,Tua,Tagovailoa,6768,QB,12,710677084837572608
1100882241665830912,1100882242525679616,"{'803176206307565568': 9, '863661771553091584': 1, '869365572033527808': 8, '872025954271305728': 11, '903802350337392640': 7, '965412604296417280': 5}",2qb,2024,snake,complete,17,1,2,3,1,1,1,8,1100882241665830912,11,38,,Rachaad,White,8136,RB,11,872025954271305728
1100882241665830912,1100882242525679616,"{'803176206307565568': 9, '863661771553091584': 1, '869365572033527808': 8, '872025954271305728': 11, '903802350337392640': 7, '965412604296417280': 5}",2qb,2024,snake,complete,17,1,2,3,1,1,1,8,1100882241665830912,10,39,,Dalton,Kincaid,10236,TE,10,330890120926343168
1100882241665830912,1100882242525679616,"{'803176206307565568': 9, '863661771553091584': 1, '869365572033527808': 8, '872025954271305728': 11, '903802350337392640': 7, '965412604296417280': 5}",2qb,2024,snake,complete,17,1,2,3,1,1,1,8,1100882241665830912,9,40,,Brandon,Aiyuk,6803,WR,9,803176206307565568
1100882241665830912,1100882242525679616,"{'803176206307565568': 9, '863661771553091584': 1, '869365572033527808': 8, '872025954271305728': 11, '903802350337392640': 7, '965412604296417280': 5}",2qb,2024,snake,complete,17,1,2,3,1,1,1,8,1100882241665830912,8,41,,Jayden,Daniels,11566,QB,8,869365572033527808
1100882241665830912,1100882242525679616,"{'803176206307565568': 9, '863661771553091584': 1, '869365572033527808': 8, '872025954271305728': 11, '903802350337392640': 7, '965412604296417280': 5}",2qb,2024,snake,complete,17,1,2,3,1,1,1,8,1100882241665830912,7,42,,Travis,Etienne,7543,RB,7,903802350337392640
1100882241665830912,1100882242525679616,"{'803176206307565568': 9, '863661771553091584': 1, '869365572033527808': 8, '872025954271305728': 11, '903802350337392640': 7, '965412604296417280': 5}",2qb,2024,snake,complete,17,1,2,3,1,1,1,8,1100882241665830912,6,43,,De'Von,Achane,9226,RB,6,655452207918981120
1100882241665830912,1100882242525679616,"{'803176206307565568': 9, '863661771553091584': 1, '869365572033527808': 8, '872025954271305728': 11, '903802350337392640': 7, '965412604296417280': 5}",2qb,2024,snake,complete,17,1,2,3,1,1,1,8,1100882241665830912,5,44,,Cooper,Kupp,4039,WR,5,965412604296417280
1100882241665830912,1100882242525679616,"{'803176206307565568': 9, '863661771553091584': 1, '869365572033527808': 8, '872025954271305728': 11, '903802350337392640': 7, '965412604296417280': 5}",2qb,2024,snake,complete,17,1,2,3,1,1,1,8,1100882241665830912,4,45,,Isiah,Pacheco,8205,RB,4,839826597862309888
1100882241665830912,1100882242525679616,"{'803176206307565568': 9, '863661771553091584': 1, '869365572033527808': 8, '872025954271305728': 11, '903802350337392640': 7, '965412604296417280': 5}",2qb,2024,snake,complete,17,1,2,3,1,1,1,8,1100882241665830912,3,46,,George,Pickens,8137,WR,3,610899917254406144
1100882241665830912,1100882242525679616,"{'803176206307565568': 9, '863661771553091584': 1, '869365572033527808': 8, '872025954271305728': 11, '903802350337392640': 7, '965412604296417280': 5}",2qb,2024,snake,complete,17,1,2,3,1,1,1,8,1100882241665830912,2,47,,Kenneth,Walker,8151,RB,2,508836710112821248
1100882241665830912,1100882242525679616,"{'803176206307565568': 9, '863661771553091584': 1, '869365572033527808': 8, '872025954271305728': 11, '903802350337392640': 7, '965412604296417280': 5}",2qb,2024,snake,complete,17,1,2,3,1,1,1,8,1100882241665830912,1,48,,Trevor,Lawrence,7523,QB,1,863661771553091584
1100882241665830912,1100882242525679616,"{'803176206307565568': 9, '863661771553091584': 1, '869365572033527808': 8, '872025954271305728': 11, '903802350337392640': 7, '965412604296417280': 5}",2qb,2024,snake,complete,17,1,2,3,1,1,1,8,1100882241665830912,1,49,,Stefon,Diggs,2449,WR,1,863661771553091584
1100882241665830912,1100882242525679616,"{'803176206307565568': 9, '863661771553091584': 1, '869365572033527808': 8, '872025954271305728': 11, '903802350337392640': 7, '965412604296417280': 5}",2qb,2024,snake,complete,17,1,2,3,1,1,1,8,1100882241665830912,2,50,,Michael,Pittman,6819,WR,2,508836710112821248
1100882241665830912,1100882242525679616,"{'803176206307565568': 9, '863661771553091584': 1, '869365572033527808': 8, '872025954271305728': 11, '903802350337392640': 7, '965412604296417280': 5}",2qb,2024,snake,complete,17,1,2,3,1,1,1,8,1100882241665830912,3,51,,Nico,Collins,7569,WR,3,610899917254406144
1100882241665830912,1100882242525679616,"{'803176206307565568': 9, '863661771553091584': 1, '869365572033527808': 8, '872025954271305728': 11, '903802350337392640': 7, '965412604296417280': 5}",2qb,2024,snake,complete,17,1,2,3,1,1,1,8,1100882241665830912,4,52,,Malik,Nabers,11632,WR,4,839826597862309888
1100882241665830912,1100882242525679616,"{'803176206307565568': 9, '863661771553091584': 1, '869365572033527808': 8, '872025954271305728': 11, '903802350337392640': 7, '965412604296417280': 5}",2qb,2024,snake,complete,17,1,2,3,1,1,1,8,1100882241665830912,5,53,,Mike,Evans,2216,WR,5,965412604296417280
1100882241665830912,1100882242525679616,"{'803176206307565568': 9, '863661771553091584': 1, '869365572033527808': 8, '872025954271305728': 11, '903802350337392640': 7, '965412604296417280': 5}",2qb,2024,snake,complete,17,1,2,3,1,1,1,8,1100882241665830912,6,54,,Jaylen,Waddle,7526,WR,6,655452207918981120
1100882241665830912,1100882242525679616,"{'803176206307565568': 9, '863661771553091584': 1, '869365572033527808': 8, '872025954271305728': 11, '903802350337392640': 7, '965412604296417280': 5}",2qb,2024,snake,complete,17,1,2,3,1,1,1,8,1100882241665830912,7,55,,Deebo,Samuel,5872,WR,7,903802350337392640
1100882241665830912,1100882242525679616,"{'803176206307565568': 9, '863661771553091584': 1, '869365572033527808': 8, '872025954271305728': 11, '903802350337392640': 7, '965412604296417280': 5}",2qb,2024,snake,complete,17,1,2,3,1,1,1,8,1100882241665830912,8,56,,Josh,Jacobs,5850,RB,8,869365572033527808
1100882241665830912,1100882242525679616,"{'803176206307565568': 9, '863661771553091584': 1, '869365572033527808': 8, '872025954271305728': 11, '903802350337392640': 7, '965412604296417280': 5}",2qb,2024,snake,complete,17,1,2,3,1,1,1,8,1100882241665830912,9,57,,Trey,McBride,8130,TE,9,803176206307565568
1100882241665830912,1100882242525679616,"{'803176206307565568': 9, '863661771553091584': 1, '869365572033527808': 8, '872025954271305728': 11, '903802350337392640': 7, '965412604296417280': 5}",2qb,2024,snake,complete,17,1,2,3,1,1,1,8,1100882241665830912,10,58,,Ladd,McConkey,11635,WR,10,330890120926343168
1100882241665830912,1100882242525679616,"{'803176206307565568': 9, '863661771553091584': 1, '869365572033527808': 8, '872025954271305728': 11, '903802350337392640': 7, '965412604296417280': 5}",2qb,2024,snake,complete,17,1,2,3,1,1,1,8,1100882241665830912,11,59,,DK,Metcalf,5846,WR,11,872025954271305728
1100882241665830912,1100882242525679616,"{'803176206307565568': 9, '863661771553091584': 1, '869365572033527808': 8, '872025954271305728': 11, '903802350337392640': 7, '965412604296417280': 5}",2qb,2024,snake,complete,17,1,2,3,1,1,1,8,1100882241665830912,12,60,,DJ,Moore,4983,WR,12,710677084837572608
1100882241665830912,1100882242525679616,"{'803176206307565568': 9, '863661771553091584': 1, '869365572033527808': 8, '872025954271305728': 11, '903802350337392640': 7, '965412604296417280': 5}",2qb,2024,snake,complete,17,1,2,3,1,1,1,8,1100882241665830912,12,61,,James,Cook,8138,RB,12,710677084837572608
1100882241665830912,1100882242525679616,"{'803176206307565568': 9, '863661771553091584': 1, '869365572033527808': 8, '872025954271305728': 11, '903802350337392640': 7, '965412604296417280': 5}",2qb,2024,snake,complete,17,1,2,3,1,1,1,8,1100882241665830912,11,62,,Mark,Andrews,5012,TE,11,872025954271305728
1100882241665830912,1100882242525679616,"{'803176206307565568': 9, '863661771553091584': 1, '869365572033527808': 8, '872025954271305728': 11, '903802350337392640': 7, '965412604296417280': 5}",2qb,2024,snake,complete,17,1,2,3,1,1,1,8,1100882241665830912,10,63,,Zay,Flowers,9997,WR,10,330890120926343168
1100882241665830912,1100882242525679616,"{'803176206307565568': 9, '863661771553091584': 1, '869365572033527808': 8, '872025954271305728': 11, '903802350337392640': 7, '965412604296417280': 5}",2qb,2024,snake,complete,17,1,2,3,1,1,1,8,1100882241665830912,9,64,,Matthew,Stafford,421,QB,9,803176206307565568
1100882241665830912,1100882242525679616,"{'803176206307565568': 9, '863661771553091584': 1, '869365572033527808': 8, '872025954271305728': 11, '903802350337392640': 7, '965412604296417280': 5}",2qb,2024,snake,complete,17,1,2,3,1,1,1,8,1100882241665830912,8,65,,Jonathon,Brooks,11583,RB,8,869365572033527808
1100882241665830912,1100882242525679616,"{'803176206307565568': 9, '863661771553091584': 1, '869365572033527808': 8, '872025954271305728': 11, '903802350337392640': 7, '965412604296417280': 5}",2qb,2024,snake,complete,17,1,2,3,1,1,1,8,1100882241665830912,7,66,,Tee,Higgins,6801,WR,7,903802350337392640
1100882241665830912,1100882242525679616,"{'803176206307565568': 9, '863661771553091584': 1, '869365572033527808': 8, '872025954271305728': 11, '903802350337392640': 7, '965412604296417280': 5}",2qb,2024,snake,complete,17,1,2,3,1,1,1,8,1100882241665830912,6,67,,Geno,Smith,1373,QB,6,655452207918981120
1100882241665830912,1100882242525679616,"{'803176206307565568': 9, '863661771553091584': 1, '869365572033527808': 8, '872025954271305728': 11, '903802350337392640': 7, '965412604296417280': 5}",2qb,2024,snake,complete,17,1,2,3,1,1,1,8,1100882241665830912,5,68,,DeVonta,Smith,7525,WR,5,965412604296417280
1100882241665830912,1100882242525679616,"{'803176206307565568': 9, '863661771553091584': 1, '869365572033527808': 8, '872025954271305728': 11, '903802350337392640': 7, '965412604296417280': 5}",2qb,2024,snake,complete,17,1,2,3,1,1,1,8,1100882241665830912,4,69,,Kyle,Pitts,7553,TE,4,839826597862309888
1100882241665830912,1100882242525679616,"{'803176206307565568': 9, '863661771553091584': 1, '869365572033527808': 8, '872025954271305728': 11, '903802350337392640': 7, '965412604296417280': 5}",2qb,2024,snake,complete,17,1,2,3,1,1,1,8,1100882241665830912,3,70,,Kirk,Cousins,1166,QB,3,610899917254406144
1100882241665830912,1100882242525679616,"{'803176206307565568': 9, '863661771553091584': 1, '869365572033527808': 8, '872025954271305728': 11, '903802350337392640': 7, '965412604296417280': 5}",2qb,2024,snake,complete,17,1,2,3,1,1,1,8,1100882241665830912,2,71,,Joe,Mixon,4018,RB,2,508836710112821248
1100882241665830912,1100882242525679616,"{'803176206307565568': 9, '863661771553091584': 1, '869365572033527808': 8, '872025954271305728': 11, '903802350337392640': 7, '965412604296417280': 5}",2qb,2024,snake,complete,17,1,2,3,1,1,1,8,1100882241665830912,1,72,,Amari,Cooper,2309,WR,1,863661771553091584
1100882241665830912,1100882242525679616,"{'803176206307565568': 9, '863661771553091584': 1, '869365572033527808': 8, '872025954271305728': 11, '903802350337392640': 7, '965412604296417280': 5}",2qb,2024,snake,complete,17,1,2,3,1,1,1,8,1100882241665830912,1,73,,Christian,Kirk,4950,WR,1,863661771553091584
1100882241665830912,1100882242525679616,"{'803176206307565568': 9, '863661771553091584': 1, '869365572033527808': 8, '872025954271305728': 11, '903802350337392640': 7, '965412604296417280': 5}",2qb,2024,snake,complete,17,1,2,3,1,1,1,8,1100882241665830912,2,74,,Evan,Engram,4066,TE,2,508836710112821248
1100882241665830912,1100882242525679616,"{'803176206307565568': 9, '863661771553091584': 1, '869365572033527808': 8, '872025954271305728': 11, '903802350337392640': 7, '965412604296417280': 5}",2qb,2024,snake,complete,17,1,2,3,1,1,1,8,1100882241665830912,3,75,,Alvin,Kamara,4035,RB,3,610899917254406144
1100882241665830912,1100882242525679616,"{'803176206307565568': 9, '863661771553091584': 1, '869365572033527808': 8, '872025954271305728': 11, '903802350337392640': 7, '965412604296417280': 5}",2qb,2024,snake,complete,17,1,2,3,1,1,1,8,1100882241665830912,4,76,,Rome,Odunze,11620,WR,4,839826597862309888
1100882241665830912,1100882242525679616,"{'803176206307565568': 9, '863661771553091584': 1, '869365572033527808': 8, '872025954271305728': 11, '903802350337392640': 7, '965412604296417280': 5}",2qb,2024,snake,complete,17,1,2,3,1,1,1,8,1100882241665830912,5,77,,Terry,McLaurin,5927,WR,5,965412604296417280
1100882241665830912,1100882242525679616,"{'803176206307565568': 9, '863661771553091584': 1, '869365572033527808': 8, '872025954271305728': 11, '903802350337392640': 7, '965412604296417280': 5}",2qb,2024,snake,complete,17,1,2,3,1,1,1,8,1100882241665830912,6,78,,Chris,Godwin,4037,WR,6,655452207918981120
1100882241665830912,1100882242525679616,"{'803176206307565568': 9, '863661771553091584': 1, '869365572033527808': 8, '872025954271305728': 11, '903802350337392640': 7, '965412604296417280': 5}",2qb,2024,snake,complete,17,1,2,3,1,1,1,8,1100882241665830912,7,79,,Tank,Dell,9502,WR,7,903802350337392640
1100882241665830912,1100882242525679616,"{'803176206307565568': 9, '863661771553091584': 1, '869365572033527808': 8, '872025954271305728': 11, '903802350337392640': 7, '965412604296417280': 5}",2qb,2024,snake,complete,17,1,2,3,1,1,1,8,1100882241665830912,8,80,,Xavier,Worthy,11624,WR,8,869365572033527808
1100882241665830912,1100882242525679616,"{'803176206307565568': 9, '863661771553091584': 1, '869365572033527808': 8, '872025954271305728': 11, '903802350337392640': 7, '965412604296417280': 5}",2qb,2024,snake,complete,17,1,2,3,1,1,1,8,1100882241665830912,9,81,,Will,Levis,9999,QB,9,803176206307565568
1100882241665830912,1100882242525679616,"{'803176206307565568': 9, '863661771553091584': 1, '869365572033527808': 8, '872025954271305728': 11, '903802350337392640': 7, '965412604296417280': 5}",2qb,2024,snake,complete,17,1,2,3,1,1,1,8,1100882241665830912,10,82,,Rashee,Rice,10229,WR,10,330890120926343168
1100882241665830912,1100882242525679616,"{'803176206307565568': 9, '863661771553091584': 1, '869365572033527808': 8, '872025954271305728': 11, '903802350337392640': 7, '965412604296417280': 5}",2qb,2024,snake,complete,17,1,2,3,1,1,1,8,1100882241665830912,11,83,,Jayden,Reed,10222,WR,11,872025954271305728
1100882241665830912,1100882242525679616,"{'803176206307565568': 9, '863661771553091584': 1, '869365572033527808': 8, '872025954271305728': 11, '903802350337392640': 7, '965412604296417280': 5}",2qb,2024,snake,complete,17,1,2,3,1,1,1,8,1100882241665830912,12,84,,Aaron,Jones,4199,RB,12,710677084837572608
1100882241665830912,1100882242525679616,"{'803176206307565568': 9, '863661771553091584': 1, '869365572033527808': 8, '872025954271305728': 11, '903802350337392640': 7, '965412604296417280': 5}",2qb,2024,snake,complete,17,1,2,3,1,1,1,8,1100882241665830912,12,85,,Brock,Bowers,11604,TE,12,710677084837572608
1100882241665830912,1100882242525679616,"{'803176206307565568': 9, '863661771553091584': 1, '869365572033527808': 8, '872025954271305728': 11, '903802350337392640': 7, '965412604296417280': 5}",2qb,2024,snake,complete,17,1,2,3,1,1,1,8,1100882241665830912,11,86,,Aaron,Rodgers,96,QB,11,872025954271305728
1100882241665830912,1100882242525679616,"{'803176206307565568': 9, '863661771553091584': 1, '869365572033527808': 8, '872025954271305728': 11, '903802350337392640': 7, '965412604296417280': 5}",2qb,2024,snake,complete,17,1,2,3,1,1,1,8,1100882241665830912,10,87,,Baker,Mayfield,4892,QB,10,330890120926343168
1100882241665830912,1100882242525679616,"{'803176206307565568': 9, '863661771553091584': 1, '869365572033527808': 8, '872025954271305728': 11, '903802350337392640': 7, '965412604296417280': 5}",2qb,2024,snake,complete,17,1,2,3,1,1,1,8,1100882241665830912,9,88,,Calvin,Ridley,4981,WR,9,803176206307565568
1100882241665830912,1100882242525679616,"{'803176206307565568': 9, '863661771553091584': 1, '869365572033527808': 8, '872025954271305728': 11, '903802350337392640': 7, '965412604296417280': 5}",2qb,2024,snake,complete,17,1,2,3,1,1,1,8,1100882241665830912,8,89,,J.J.,McCarthy,11565,QB,8,869365572033527808
1100882241665830912,1100882242525679616,"{'803176206307565568': 9, '863661771553091584': 1, '869365572033527808': 8, '872025954271305728': 11, '903802350337392640': 7, '965412604296417280': 5}",2qb,2024,snake,complete,17,1,2,3,1,1,1,8,1100882241665830912,7,90,,Jake,Ferguson,8110,TE,7,903802350337392640
1100882241665830912,1100882242525679616,"{'803176206307565568': 9, '863661771553091584': 1, '869365572033527808': 8, '872025954271305728': 11, '903802350337392640': 7, '965412604296417280': 5}",2qb,2024,snake,complete,17,1,2,3,1,1,1,8,1100882241665830912,6,91,,Najee,Harris,7528,RB,6,655452207918981120
1100882241665830912,1100882242525679616,"{'803176206307565568': 9, '863661771553091584': 1, '869365572033527808': 8, '872025954271305728': 11, '903802350337392640': 7, '965412604296417280': 5}",2qb,2024,snake,complete,17,1,2,3,1,1,1,8,1100882241665830912,5,92,,Keenan,Allen,1479,WR,5,965412604296417280
1100882241665830912,1100882242525679616,"{'803176206307565568': 9, '863661771553091584': 1, '869365572033527808': 8, '872025954271305728': 11, '903802350337392640': 7, '965412604296417280': 5}",2qb,2024,snake,complete,17,1,2,3,1,1,1,8,1100882241665830912,4,93,,Drake,Maye,11564,QB,4,839826597862309888
1100882241665830912,1100882242525679616,"{'803176206307565568': 9, '863661771553091584': 1, '869365572033527808': 8, '872025954271305728': 11, '903802350337392640': 7, '965412604296417280': 5}",2qb,2024,snake,complete,17,1,2,3,1,1,1,8,1100882241665830912,3,94,,Deshaun,Watson,4017,QB,3,610899917254406144
1100882241665830912,1100882242525679616,"{'803176206307565568': 9, '863661771553091584': 1, '869365572033527808': 8, '872025954271305728': 11, '903802350337392640': 7, '965412604296417280': 5}",2qb,2024,snake,complete,17,1,2,3,1,1,1,8,1100882241665830912,2,95,,Keon,Coleman,11637,WR,2,508836710112821248
1100882241665830912,1100882242525679616,"{'803176206307565568': 9, '863661771553091584': 1, '869365572033527808': 8, '872025954271305728': 11, '903802350337392640': 7, '965412604296417280': 5}",2qb,2024,snake,complete,17,1,2,3,1,1,1,8,1100882241665830912,1,96,,D'Andre,Swift,6790,RB,1,863661771553091584
1100882241665830912,1100882242525679616,"{'803176206307565568': 9, '863661771553091584': 1, '869365572033527808': 8, '872025954271305728': 11, '903802350337392640': 7, '965412604296417280': 5}",2qb,2024,snake,complete,17,1,2,3,1,1,1,8,1100882241665830912,1,97,,Brian,Thomas,11631,WR,1,863661771553091584
1100882241665830912,1100882242525679616,"{'803176206307565568': 9, '863661771553091584': 1, '869365572033527808': 8, '872025954271305728': 11, '903802350337392640': 7, '965412604296417280': 5}",2qb,2024,snake,complete,17,1,2,3,1,1,1,8,1100882241665830912,2,98,,Zamir,White,8139,RB,2,508836710112821248
1100882241665830912,1100882242525679616,"{'803176206307565568': 9, '863661771553091584': 1, '869365572033527808': 8, '872025954271305728': 11, '903802350337392640': 7, '965412604296417280': 5}",2qb,2024,snake,complete,17,1,2,3,1,1,1,8,1100882241665830912,3,99,,Bryce,Young,9228,QB,3,610899917254406144
1100882241665830912,1100882242525679616,"{'803176206307565568': 9, '863661771553091584': 1, '869365572033527808': 8, '872025954271305728': 11, '903802350337392640': 7, '965412604296417280': 5}",2qb,2024,snake,complete,17,1,2,3,1,1,1,8,1100882241665830912,4,100,,Rhamondre,Stevenson,7611,RB,4,839826597862309888
1100882241665830912,1100882242525679616,"{'803176206307565568': 9, '863661771553091584': 1, '869365572033527808': 8, '872025954271305728': 11, '903802350337392640': 7, '965412604296417280': 5}",2qb,2024,snake,complete,17,1,2,3,1,1,1,8,1100882241665830912,5,101,,George,Kittle,4217,TE,5,965412604296417280
1100882241665830912,1100882242525679616,"{'803176206307565568': 9, '863661771553091584': 1, '869365572033527808': 8, '872025954271305728': 11, '903802350337392640': 7, '965412604296417280': 5}",2qb,2024,snake,complete,17,1,2,3,1,1,1,8,1100882241665830912,6,102,,DeAndre,Hopkins,1426,WR,6,655452207918981120
1100882241665830912,1100882242525679616,"{'803176206307565568': 9, '863661771553091584': 1, '869365572033527808': 8, '872025954271305728': 11, '903802350337392640': 7, '965412604296417280': 5}",2qb,2024,snake,complete,17,1,2,3,1,1,1,8,1100882241665830912,7,103,,Hollywood,Brown,5848,WR,7,903802350337392640
1100882241665830912,1100882242525679616,"{'803176206307565568': 9, '863661771553091584': 1, '869365572033527808': 8, '872025954271305728': 11, '903802350337392640': 7, '965412604296417280': 5}",2qb,2024,snake,complete,17,1,2,3,1,1,1,8,1100882241665830912,8,104,,Jordan,Addison,9756,WR,8,869365572033527808
1100882241665830912,1100882242525679616,"{'803176206307565568': 9, '863661771553091584': 1, '869365572033527808': 8, '872025954271305728': 11, '903802350337392640': 7, '965412604296417280': 5}",2qb,2024,snake,complete,17,1,2,3,1,1,1,8,1100882241665830912,9,105,,James,Conner,4137,RB,9,803176206307565568
1100882241665830912,1100882242525679616,"{'803176206307565568': 9, '863661771553091584': 1, '869365572033527808': 8, '872025954271305728': 11, '903802350337392640': 7, '965412604296417280': 5}",2qb,2024,snake,complete,17,1,2,3,1,1,1,8,1100882241665830912,10,106,,David,Montgomery,5892,RB,10,330890120926343168
1100882241665830912,1100882242525679616,"{'803176206307565568': 9, '863661771553091584': 1, '869365572033527808': 8, '872025954271305728': 11, '903802350337392640': 7, '965412604296417280': 5}",2qb,2024,snake,complete,17,1,2,3,1,1,1,8,1100882241665830912,11,107,,Austin,Ekeler,4663,RB,11,872025954271305728
1100882241665830912,1100882242525679616,"{'803176206307565568': 9, '863661771553091584': 1, '869365572033527808': 8, '872025954271305728': 11, '903802350337392640': 7, '965412604296417280': 5}",2qb,2024,snake,complete,17,1,2,3,1,1,1,8,1100882241665830912,12,108,,Diontae,Johnson,5937,WR,12,710677084837572608
1100882241665830912,1100882242525679616,"{'803176206307565568': 9, '863661771553091584': 1, '869365572033527808': 8, '872025954271305728': 11, '903802350337392640': 7, '965412604296417280': 5}",2qb,2024,snake,complete,17,1,2,3,1,1,1,8,1100882241665830912,12,109,,T.J.,Hockenson,5844,TE,12,710677084837572608
1100882241665830912,1100882242525679616,"{'803176206307565568': 9, '863661771553091584': 1, '869365572033527808': 8, '872025954271305728': 11, '903802350337392640': 7, '965412604296417280': 5}",2qb,2024,snake,complete,17,1,2,3,1,1,1,8,1100882241665830912,11,110,,Zack,Moss,6845,RB,11,872025954271305728
1100882241665830912,1100882242525679616,"{'803176206307565568': 9, '863661771553091584': 1, '869365572033527808': 8, '872025954271305728': 11, '903802350337392640': 7, '965412604296417280': 5}",2qb,2024,snake,complete,17,1,2,3,1,1,1,8,1100882241665830912,10,111,,David,Njoku,4033,TE,10,330890120926343168
1100882241665830912,1100882242525679616,"{'803176206307565568': 9, '863661771553091584': 1, '869365572033527808': 8, '872025954271305728': 11, '903802350337392640': 7, '965412604296417280': 5}",2qb,2024,snake,complete,17,1,2,3,1,1,1,8,1100882241665830912,9,112,,Christian,Watson,8167,WR,9,803176206307565568
1100882241665830912,1100882242525679616,"{'803176206307565568': 9, '863661771553091584': 1, '869365572033527808': 8, '872025954271305728': 11, '903802350337392640': 7, '965412604296417280': 5}",2qb,2024,snake,complete,17,1,2,3,1,1,1,8,1100882241665830912,8,113,,Trey,Benson,11589,RB,8,869365572033527808
1100882241665830912,1100882242525679616,"{'803176206307565568': 9, '863661771553091584': 1, '869365572033527808': 8, '872025954271305728': 11, '903802350337392640': 7, '965412604296417280': 5}",2qb,2024,snake,complete,17,1,2,3,1,1,1,8,1100882241665830912,7,114,,Derek,Carr,2028,QB,7,903802350337392640
1100882241665830912,1100882242525679616,"{'803176206307565568': 9, '863661771553091584': 1, '869365572033527808': 8, '872025954271305728': 11, '903802350337392640': 7, '965412604296417280': 5}",2qb,2024,snake,complete,17,1,2,3,1,1,1,8,1100882241665830912,6,115,,Jaylen,Warren,8228,RB,6,655452207918981120
1100882241665830912,1100882242525679616,"{'803176206307565568': 9, '863661771553091584': 1, '869365572033527808': 8, '872025954271305728': 11, '903802350337392640': 7, '965412604296417280': 5}",2qb,2024,snake,complete,17,1,2,3,1,1,1,8,1100882241665830912,5,116,,Nick,Chubb,4988,RB,5,965412604296417280
1100882241665830912,1100882242525679616,"{'803176206307565568': 9, '863661771553091584': 1, '869365572033527808': 8, '872025954271305728': 11, '903802350337392640': 7, '965412604296417280': 5}",2qb,2024,snake,complete,17,1,2,3,1,1,1,8,1100882241665830912,4,117,,Bo,Nix,11563,QB,4,839826597862309888
1100882241665830912,1100882242525679616,"{'803176206307565568': 9, '863661771553091584': 1, '869365572033527808': 8, '872025954271305728': 11, '903802350337392640': 7, '965412604296417280': 5}",2qb,2024,snake,complete,17,1,2,3,1,1,1,8,1100882241665830912,3,118,,Tony,Pollard,5967,RB,3,610899917254406144
1100882241665830912,1100882242525679616,"{'803176206307565568': 9, '863661771553091584': 1, '869365572033527808': 8, '872025954271305728': 11, '903802350337392640': 7, '965412604296417280': 5}",2qb,2024,snake,complete,17,1,2,3,1,1,1,8,1100882241665830912,2,119,,Courtland,Sutton,5045,WR,2,508836710112821248
1100882241665830912,1100882242525679616,"{'803176206307565568': 9, '863661771553091584': 1, '869365572033527808': 8, '872025954271305728': 11, '903802350337392640': 7, '965412604296417280': 5}",2qb,2024,snake,complete,17,1,2,3,1,1,1,8,1100882241665830912,1,120,,Jaxon,Smith-Njigba,9488,WR,1,863661771553091584
1100882241665830912,1100882242525679616,"{'803176206307565568': 9, '863661771553091584': 1, '869365572033527808': 8, '872025954271305728': 11, '903802350337392640': 7, '965412604296417280': 5}",2qb,2024,snake,complete,17,1,2,3,1,1,1,8,1100882241665830912,1,121,,Daniel,Jones,5870,QB,1,863661771553091584
1100882241665830912,1100882242525679616,"{'803176206307565568': 9, '863661771553091584': 1, '869365572033527808': 8, '872025954271305728': 11, '903802350337392640': 7, '965412604296417280': 5}",2qb,2024,snake,complete,17,1,2,3,1,1,1,8,1100882241665830912,2,122,,Xavier,Legette,11626,WR,2,508836710112821248
1100882241665830912,1100882242525679616,"{'803176206307565568': 9, '863661771553091584': 1, '869365572033527808': 8, '872025954271305728': 11, '903802350337392640': 7, '965412604296417280': 5}",2qb,2024,snake,complete,17,1,2,3,1,1,1,8,1100882241665830912,3,123,,Raheem,Mostert,2749,RB,3,610899917254406144
1100882241665830912,1100882242525679616,"{'803176206307565568': 9, '863661771553091584': 1, '869365572033527808': 8, '872025954271305728': 11, '903802350337392640': 7, '965412604296417280': 5}",2qb,2024,snake,complete,17,1,2,3,1,1,1,8,1100882241665830912,4,124,,Michael,Penix,11559,QB,4,839826597862309888
1100882241665830912,1100882242525679616,"{'803176206307565568': 9, '863661771553091584': 1, '869365572033527808': 8, '872025954271305728': 11, '903802350337392640': 7, '965412604296417280': 5}",2qb,2024,snake,complete,17,1,2,3,1,1,1,8,1100882241665830912,5,125,,Javonte,Williams,7588,RB,5,965412604296417280
1100882241665830912,1100882242525679616,"{'803176206307565568': 9, '863661771553091584': 1, '869365572033527808': 8, '872025954271305728': 11, '903802350337392640': 7, '965412604296417280': 5}",2qb,2024,snake,complete,17,1,2,3,1,1,1,8,1100882241665830912,6,126,,Russell,Wilson,1234,QB,6,655452207918981120
1100882241665830912,1100882242525679616,"{'803176206307565568': 9, '863661771553091584': 1, '869365572033527808': 8, '872025954271305728': 11, '903802350337392640': 7, '965412604296417280': 5}",2qb,2024,snake,complete,17,1,2,3,1,1,1,8,1100882241665830912,7,127,,Devin,Singletary,6130,RB,7,903802350337392640
1100882241665830912,1100882242525679616,"{'803176206307565568': 9, '863661771553091584': 1, '869365572033527808': 8, '872025954271305728': 11, '903802350337392640': 7, '965412604296417280': 5}",2qb,2024,snake,complete,17,1,2,3,1,1,1,8,1100882241665830912,8,128,,Tyjae,Spears,9508,RB,8,869365572033527808
1100882241665830912,1100882242525679616,"{'803176206307565568': 9, '863661771553091584': 1, '869365572033527808': 8, '872025954271305728': 11, '903802350337392640': 7, '965412604296417280': 5}",2qb,2024,snake,complete,17,1,2,3,1,1,1,8,1100882241665830912,9,129,,Khalil,Shakir,8134,WR,9,803176206307565568
1100882241665830912,1100882242525679616,"{'803176206307565568': 9, '863661771553091584': 1, '869365572033527808': 8, '872025954271305728': 11, '903802350337392640': 7, '965412604296417280': 5}",2qb,2024,snake,complete,17,1,2,3,1,1,1,8,1100882241665830912,10,130,,Gardner,Minshew,6011,QB,10,330890120926343168
1100882241665830912,1100882242525679616,"{'803176206307565568': 9, '863661771553091584': 1, '869365572033527808': 8, '872025954271305728': 11, '903802350337392640': 7, '965412604296417280': 5}",2qb,2024,snake,complete,17,1,2,3,1,1,1,8,1100882241665830912,11,131,,Dallas,Goedert,5022,TE,11,872025954271305728
1100882241665830912,1100882242525679616,"{'803176206307565568': 9, '863661771553091584': 1, '869365572033527808': 8, '872025954271305728': 11, '903802350337392640': 7, '965412604296417280': 5}",2qb,2024,snake,complete,17,1,2,3,1,1,1,8,1100882241665830912,12,132,,Gus,Edwards,5248,RB,12,710677084837572608
1100882241665830912,1100882242525679616,"{'803176206307565568': 9, '863661771553091584': 1, '869365572033527808': 8, '872025954271305728': 11, '903802350337392640': 7, '965412604296417280': 5}",2qb,2024,snake,complete,17,1,2,3,1,1,1,8,1100882241665830912,12,133,,Mike,Williams,4068,WR,12,710677084837572608
1100882241665830912,1100882242525679616,"{'803176206307565568': 9, '863661771553091584': 1, '869365572033527808': 8, '872025954271305728': 11, '903802350337392640': 7, '965412604296417280': 5}",2qb,2024,snake,complete,17,1,2,3,1,1,1,8,1100882241665830912,11,134,,Jameson,Williams,8148,WR,11,872025954271305728
1100882241665830912,1100882242525679616,"{'803176206307565568': 9, '863661771553091584': 1, '869365572033527808': 8, '872025954271305728': 11, '903802350337392640': 7, '965412604296417280': 5}",2qb,2024,snake,complete,17,1,2,3,1,1,1,8,1100882241665830912,10,135,,Ezekiel,Elliott,3164,RB,10,330890120926343168
1100882241665830912,1100882242525679616,"{'803176206307565568': 9, '863661771553091584': 1, '869365572033527808': 8, '872025954271305728': 11, '903802350337392640': 7, '965412604296417280': 5}",2qb,2024,snake,complete,17,1,2,3,1,1,1,8,1100882241665830912,9,136,,Dalton,Schultz,5001,TE,9,803176206307565568
1100882241665830912,1100882242525679616,"{'803176206307565568': 9, '863661771553091584': 1, '869365572033527808': 8, '872025954271305728': 11, '903802350337392640': 7, '965412604296417280': 5}",2qb,2024,snake,complete,17,1,2,3,1,1,1,8,1100882241665830912,8,137,,Cole,Kmet,6826,TE,8,869365572033527808
1100882241665830912,1100882242525679616,"{'803176206307565568': 9, '863661771553091584': 1, '869365572033527808': 8, '872025954271305728': 11, '903802350337392640': 7, '965412604296417280': 5}",2qb,2024,snake,complete,17,1,2,3,1,1,1,8,1100882241665830912,7,138,,Brian,Robinson,8154,RB,7,903802350337392640
1100882241665830912,1100882242525679616,"{'803176206307565568': 9, '863661771553091584': 1, '869365572033527808': 8, '872025954271305728': 11, '903802350337392640': 7, '965412604296417280': 5}",2qb,2024,snake,complete,17,1,2,3,1,1,1,8,1100882241665830912,6,139,,Tyler,Lockett,2374,WR,6,655452207918981120
1100882241665830912,1100882242525679616,"{'803176206307565568': 9, '863661771553091584': 1, '869365572033527808': 8, '872025954271305728': 11, '903802350337392640': 7, '965412604296417280': 5}",2qb,2024,snake,complete,17,1,2,3,1,1,1,8,1100882241665830912,5,140,,Jakobi,Meyers,5947,WR,5,965412604296417280
1100882241665830912,1100882242525679616,"{'803176206307565568': 9, '863661771553091584': 1, '869365572033527808': 8, '872025954271305728': 11, '903802350337392640': 7, '965412604296417280': 5}",2qb,2024,snake,complete,17,1,2,3,1,1,1,8,1100882241665830912,4,141,,Justin,Fields,7591,QB,4,839826597862309888
1100882241665830912,1100882242525679616,"{'803176206307565568': 9, '863661771553091584': 1, '869365572033527808': 8, '872025954271305728': 11, '903802350337392640': 7, '965412604296417280': 5}",2qb,2024,snake,complete,17,1,2,3,1,1,1,8,1100882241665830912,3,142,,Chase,Brown,9224,RB,3,610899917254406144
1100882241665830912,1100882242525679616,"{'803176206307565568': 9, '863661771553091584': 1, '869365572033527808': 8, '872025954271305728': 11, '903802350337392640': 7, '965412604296417280': 5}",2qb,2024,snake,complete,17,1,2,3,1,1,1,8,1100882241665830912,2,143,,Blake,Corum,11586,RB,2,508836710112821248
1100882241665830912,1100882242525679616,"{'803176206307565568': 9, '863661771553091584': 1, '869365572033527808': 8, '872025954271305728': 11, '903802350337392640': 7, '965412604296417280': 5}",2qb,2024,snake,complete,17,1,2,3,1,1,1,8,1100882241665830912,1,144,,Luke,Musgrave,9481,TE,1,863661771553091584
1100882241665830912,1100882242525679616,"{'803176206307565568': 9, '863661771553091584': 1, '869365572033527808': 8, '872025954271305728': 11, '903802350337392640': 7, '965412604296417280': 5}",2qb,2024,snake,complete,17,1,2,3,1,1,1,8,1100882241665830912,1,145,,Curtis,Samuel,4082,WR,1,863661771553091584
1100882241665830912,1100882242525679616,"{'803176206307565568': 9, '863661771553091584': 1, '869365572033527808': 8, '872025954271305728': 11, '903802350337392640': 7, '965412604296417280': 5}",2qb,2024,snake,complete,17,1,2,3,1,1,1,8,1100882241665830912,2,146,,Aidan,O'Connell,10866,QB,2,508836710112821248
1100882241665830912,1100882242525679616,"{'803176206307565568': 9, '863661771553091584': 1, '869365572033527808': 8, '872025954271305728': 11, '903802350337392640': 7, '965412604296417280': 5}",2qb,2024,snake,complete,17,1,2,3,1,1,1,8,1100882241665830912,3,147,,Pat,Freiermuth,7600,TE,3,610899917254406144
1100882241665830912,1100882242525679616,"{'803176206307565568': 9, '863661771553091584': 1, '869365572033527808': 8, '872025954271305728': 11, '903802350337392640': 7, '965412604296417280': 5}",2qb,2024,snake,complete,17,1,2,3,1,1,1,8,1100882241665830912,4,148,,Zach,Charbonnet,9753,RB,4,839826597862309888
1100882241665830912,1100882242525679616,"{'803176206307565568': 9, '863661771553091584': 1, '869365572033527808': 8, '872025954271305728': 11, '903802350337392640': 7, '965412604296417280': 5}",2qb,2024,snake,complete,17,1,2,3,1,1,1,8,1100882241665830912,5,149,,Jerry,Jeudy,6783,WR,5,965412604296417280
1100882241665830912,1100882242525679616,"{'803176206307565568': 9, '863661771553091584': 1, '869365572033527808': 8, '872025954271305728': 11, '903802350337392640': 7, '965412604296417280': 5}",2qb,2024,snake,complete,17,1,2,3,1,1,1,8,1100882241665830912,6,150,,Brandin,Cooks,2197,WR,6,655452207918981120
1100882241665830912,1100882242525679616,"{'803176206307565568': 9, '863661771553091584': 1, '869365572033527808': 8, '872025954271305728': 11, '903802350337392640': 7, '965412604296417280': 5}",2qb,2024,snake,complete,17,1,2,3,1,1,1,8,1100882241665830912,7,151,,Rico,Dowdle,7021,RB,7,903802350337392640
1100882241665830912,1100882242525679616,"{'803176206307565568': 9, '863661771553091584': 1, '869365572033527808': 8, '872025954271305728': 11, '903802350337392640': 7, '965412604296417280': 5}",2qb,2024,snake,complete,17,1,2,3,1,1,1,8,1100882241665830912,8,152,,Chuba,Hubbard,7594,RB,8,869365572033527808
1100882241665830912,1100882242525679616,"{'803176206307565568': 9, '863661771553091584': 1, '869365572033527808': 8, '872025954271305728': 11, '903802350337392640': 7, '965412604296417280': 5}",2qb,2024,snake,complete,17,1,2,3,1,1,1,8,1100882241665830912,9,153,,Antonio,Gibson,6945,RB,9,803176206307565568
1100882241665830912,1100882242525679616,"{'803176206307565568': 9, '863661771553091584': 1, '869365572033527808': 8, '872025954271305728': 11, '903802350337392640': 7, '965412604296417280': 5}",2qb,2024,snake,complete,17,1,2,3,1,1,1,8,1100882241665830912,10,154,,MarShawn,Lloyd,11581,RB,10,330890120926343168
1100882241665830912,1100882242525679616,"{'803176206307565568': 9, '863661771553091584': 1, '869365572033527808': 8, '872025954271305728': 11, '903802350337392640': 7, '965412604296417280': 5}",2qb,2024,snake,complete,17,1,2,3,1,1,1,8,1100882241665830912,11,155,,Ty,Chandler,8230,RB,11,872025954271305728
1100882241665830912,1100882242525679616,"{'803176206307565568': 9, '863661771553091584': 1, '869365572033527808': 8, '872025954271305728': 11, '903802350337392640': 7, '965412604296417280': 5}",2qb,2024,snake,complete,17,1,2,3,1,1,1,8,1100882241665830912,12,156,,Sam,Darnold,4943,QB,12,710677084837572608
1100882241665830912,1100882242525679616,"{'803176206307565568': 9, '863661771553091584': 1, '869365572033527808': 8, '872025954271305728': 11, '903802350337392640': 7, '965412604296417280': 5}",2qb,2024,snake,complete,17,1,2,3,1,1,1,8,1100882241665830912,12,157,,Romeo,Doubs,8121,WR,12,710677084837572608
1100882241665830912,1100882242525679616,"{'803176206307565568': 9, '863661771553091584': 1, '869365572033527808': 8, '872025954271305728': 11, '903802350337392640': 7, '965412604296417280': 5}",2qb,2024,snake,complete,17,1,2,3,1,1,1,8,1100882241665830912,11,158,,Troy,Franklin,11627,WR,11,872025954271305728
1100882241665830912,1100882242525679616,"{'803176206307565568': 9, '863661771553091584': 1, '869365572033527808': 8, '872025954271305728': 11, '903802350337392640': 7, '965412604296417280': 5}",2qb,2024,snake,complete,17,1,2,3,1,1,1,8,1100882241665830912,10,159,,Joshua,Palmer,7670,WR,10,330890120926343168
1100882241665830912,1100882242525679616,"{'803176206307565568': 9, '863661771553091584': 1, '869365572033527808': 8, '872025954271305728': 11, '903802350337392640': 7, '965412604296417280': 5}",2qb,2024,snake,complete,17,1,2,3,1,1,1,8,1100882241665830912,9,160,,Josh,Downs,9500,WR,9,803176206307565568
1100882241665830912,1100882242525679616,"{'803176206307565568': 9, '863661771553091584': 1, '869365572033527808': 8, '872025954271305728': 11, '903802350337392640': 7, '965412604296417280': 5}",2qb,2024,snake,complete,17,1,2,3,1,1,1,8,1100882241665830912,8,161,,Ricky,Pearsall,11638,WR,8,869365572033527808
1100882241665830912,1100882242525679616,"{'803176206307565568': 9, '863661771553091584': 1, '869365572033527808': 8, '872025954271305728': 11, '903802350337392640': 7, '965412604296417280': 5}",2qb,2024,snake,complete,17,1,2,3,1,1,1,8,1100882241665830912,7,162,,Jahan,Dotson,8119,WR,7,903802350337392640
1100882241665830912,1100882242525679616,"{'803176206307565568': 9, '863661771553091584': 1, '869365572033527808': 8, '872025954271305728': 11, '903802350337392640': 7, '965412604296417280': 5}",2qb,2024,snake,complete,17,1,2,3,1,1,1,8,1100882241665830912,6,163,,Adam,Thielen,1689,WR,6,655452207918981120
1100882241665830912,1100882242525679616,"{'803176206307565568': 9, '863661771553091584': 1, '869365572033527808': 8, '872025954271305728': 11, '903802350337392640': 7, '965412604296417280': 5}",2qb,2024,snake,complete,17,1,2,3,1,1,1,8,1100882241665830912,5,164,,Adonai,Mitchell,11625,WR,5,965412604296417280
1100882241665830912,1100882242525679616,"{'803176206307565568': 9, '863661771553091584': 1, '869365572033527808': 8, '872025954271305728': 11, '903802350337392640': 7, '965412604296417280': 5}",2qb,2024,snake,complete,17,1,2,3,1,1,1,8,1100882241665830912,4,165,,Jacoby,Brissett,3257,QB,4,839826597862309888
1100882241665830912,1100882242525679616,"{'803176206307565568': 9, '863661771553091584': 1, '869365572033527808': 8, '872025954271305728': 11, '903802350337392640': 7, '965412604296417280': 5}",2qb,2024,snake,complete,17,1,2,3,1,1,1,8,1100882241665830912,3,166,,Rashid,Shaheed,8676,WR,3,610899917254406144
1100882241665830912,1100882242525679616,"{'803176206307565568': 9, '863661771553091584': 1, '869365572033527808': 8, '872025954271305728': 11, '903802350337392640': 7, '965412604296417280': 5}",2qb,2024,snake,complete,17,1,2,3,1,1,1,8,1100882241665830912,2,167,,Kendre,Miller,9757,RB,2,508836710112821248
1100882241665830912,1100882242525679616,"{'803176206307565568': 9, '863661771553091584': 1, '869365572033527808': 8, '872025954271305728': 11, '903802350337392640': 7, '965412604296417280': 5}",2qb,2024,snake,complete,17,1,2,3,1,1,1,8,1100882241665830912,1,168,,Gabe,Davis,6943,WR,1,863661771553091584
1100882241665830912,1100882242525679616,"{'803176206307565568': 9, '863661771553091584': 1, '869365572033527808': 8, '872025954271305728': 11, '903802350337392640': 7, '965412604296417280': 5}",2qb,2024,snake,complete,17,1,2,3,1,1,1,8,1100882241665830912,1,169,,Jerome,Ford,8143,RB,1,863661771553091584
1100882241665830912,1100882242525679616,"{'803176206307565568': 9, '863661771553091584': 1, '869365572033527808': 8, '872025954271305728': 11, '903802350337392640': 7, '965412604296417280': 5}",2qb,2024,snake,complete,17,1,2,3,1,1,1,8,1100882241665830912,2,170,,Dontayvion,Wicks,9486,WR,2,508836710112821248
1100882241665830912,1100882242525679616,"{'803176206307565568': 9, '863661771553091584': 1, '869365572033527808': 8, '872025954271305728': 11, '903802350337392640': 7, '965412604296417280': 5}",2qb,2024,snake,complete,17,1,2,3,1,1,1,8,1100882241665830912,3,171,,Darnell,Mooney,7090,WR,3,610899917254406144
1100882241665830912,1100882242525679616,"{'803176206307565568': 9, '863661771553091584': 1, '869365572033527808': 8, '872025954271305728': 11, '903802350337392640': 7, '965412604296417280': 5}",2qb,2024,snake,complete,17,1,2,3,1,1,1,8,1100882241665830912,4,172,,Jaylen,Wright,11643,RB,4,839826597862309888
1100882241665830912,1100882242525679616,"{'803176206307565568': 9, '863661771553091584': 1, '869365572033527808': 8, '872025954271305728': 11, '903802350337392640': 7, '965412604296417280': 5}",2qb,2024,snake,complete,17,1,2,3,1,1,1,8,1100882241665830912,5,173,,J.K.,Dobbins,6806,RB,5,965412604296417280
1100882241665830912,1100882242525679616,"{'803176206307565568': 9, '863661771553091584': 1, '869365572033527808': 8, '872025954271305728': 11, '903802350337392640': 7, '965412604296417280': 5}",2qb,2024,snake,complete,17,1,2,3,1,1,1,8,1100882241665830912,6,174,,Hunter,Henry,3214,TE,6,655452207918981120
1100882241665830912,1100882242525679616,"{'803176206307565568': 9, '863661771553091584': 1, '869365572033527808': 8, '872025954271305728': 11, '903802350337392640': 7, '965412604296417280': 5}",2qb,2024,snake,complete,17,1,2,3,1,1,1,8,1100882241665830912,7,175,,Jaleel,McLaughlin,11439,RB,7,903802350337392640
1100882241665830912,1100882242525679616,"{'803176206307565568': 9, '863661771553091584': 1, '869365572033527808': 8, '872025954271305728': 11, '903802350337392640': 7, '965412604296417280': 5}",2qb,2024,snake,complete,17,1,2,3,1,1,1,8,1100882241665830912,8,176,,Tyler,Allgeier,8132,RB,8,869365572033527808
1100882241665830912,1100882242525679616,"{'803176206307565568': 9, '863661771553091584': 1, '869365572033527808': 8, '872025954271305728': 11, '903802350337392640': 7, '965412604296417280': 5}",2qb,2024,snake,complete,17,1,2,3,1,1,1,8,1100882241665830912,9,177,,Malachi,Corley,11617,WR,9,803176206307565568
1100882241665830912,1100882242525679616,"{'803176206307565568': 9, '863661771553091584': 1, '869365572033527808': 8, '872025954271305728': 11, '903802350337392640': 7, '965412604296417280': 5}",2qb,2024,snake,complete,17,1,2,3,1,1,1,8,1100882241665830912,10,178,,DeMario,Douglas,9501,WR,10,330890120926343168
1100882241665830912,1100882242525679616,"{'803176206307565568': 9, '863661771553091584': 1, '869365572033527808': 8, '872025954271305728': 11, '903802350337392640': 7, '965412604296417280': 5}",2qb,2024,snake,complete,17,1,2,3,1,1,1,8,1100882241665830912,11,179,,Ja'Lynn,Polk,11619,WR,11,872025954271305728
1100882241665830912,1100882242525679616,"{'803176206307565568': 9, '863661771553091584': 1, '869365572033527808': 8, '872025954271305728': 11, '903802350337392640': 7, '965412604296417280': 5}",2qb,2024,snake,complete,17,1,2,3,1,1,1,8,1100882241665830912,12,180,,Ben,Sinnott,11596,TE,12,710677084837572608
1100882241665830912,1100882242525679616,"{'803176206307565568': 9, '863661771553091584': 1, '869365572033527808': 8, '872025954271305728': 11, '903802350337392640': 7, '965412604296417280': 5}",2qb,2024,snake,complete,17,1,2,3,1,1,1,8,1100882241665830912,12,181,,Quentin,Johnston,9754,WR,12,710677084837572608
1100882241665830912,1100882242525679616,"{'803176206307565568': 9, '863661771553091584': 1, '869365572033527808': 8, '872025954271305728': 11, '903802350337392640': 7, '965412604296417280': 5}",2qb,2024,snake,complete,17,1,2,3,1,1,1,8,1100882241665830912,11,182,,Tyrone,Tracy,11655,RB,11,872025954271305728
1100882241665830912,1100882242525679616,"{'803176206307565568': 9, '863661771553091584': 1, '869365572033527808': 8, '872025954271305728': 11, '903802350337392640': 7, '965412604296417280': 5}",2qb,2024,snake,complete,17,1,2,3,1,1,1,8,1100882241665830912,10,183,,Michael,Wilson,10232,WR,10,330890120926343168
1100882241665830912,1100882242525679616,"{'803176206307565568': 9, '863661771553091584': 1, '869365572033527808': 8, '872025954271305728': 11, '903802350337392640': 7, '965412604296417280': 5}",2qb,2024,snake,complete,17,1,2,3,1,1,1,8,1100882241665830912,9,184,,Dameon,Pierce,8129,RB,9,803176206307565568
1100882241665830912,1100882242525679616,"{'803176206307565568': 9, '863661771553091584': 1, '869365572033527808': 8, '872025954271305728': 11, '903802350337392640': 7, '965412604296417280': 5}",2qb,2024,snake,complete,17,1,2,3,1,1,1,8,1100882241665830912,8,185,,Roman,Wilson,11630,WR,8,869365572033527808
1100882241665830912,1100882242525679616,"{'803176206307565568': 9, '863661771553091584': 1, '869365572033527808': 8, '872025954271305728': 11, '903802350337392640': 7, '965412604296417280': 5}",2qb,2024,snake,complete,17,1,2,3,1,1,1,8,1100882241665830912,7,186,,Marvin,Mims,9494,WR,7,903802350337392640
1100882241665830912,1100882242525679616,"{'803176206307565568': 9, '863661771553091584': 1, '869365572033527808': 8, '872025954271305728': 11, '903802350337392640': 7, '965412604296417280': 5}",2qb,2024,snake,complete,17,1,2,3,1,1,1,8,1100882241665830912,6,187,,Demarcus,Robinson,3286,WR,6,655452207918981120
1100882241665830912,1100882242525679616,"{'803176206307565568': 9, '863661771553091584': 1, '869365572033527808': 8, '872025954271305728': 11, '903802350337392640': 7, '965412604296417280': 5}",2qb,2024,snake,complete,17,1,2,3,1,1,1,8,1100882241665830912,5,188,,Wan'Dale,Robinson,8126,WR,5,965412604296417280
1100882241665830912,1100882242525679616,"{'803176206307565568': 9, '863661771553091584': 1, '869365572033527808': 8, '872025954271305728': 11, '903802350337392640': 7, '965412604296417280': 5}",2qb,2024,snake,complete,17,1,2,3,1,1,1,8,1100882241665830912,4,189,,Jermaine,Burton,11640,WR,4,839826597862309888
1100882241665830912,1100882242525679616,"{'803176206307565568': 9, '863661771553091584': 1, '869365572033527808': 8, '872025954271305728': 11, '903802350337392640': 7, '965412604296417280': 5}",2qb,2024,snake,complete,17,1,2,3,1,1,1,8,1100882241665830912,3,190,,Juwan,Johnson,7002,TE,3,610899917254406144
1100882241665830912,1100882242525679616,"{'803176206307565568': 9, '863661771553091584': 1, '869365572033527808': 8, '872025954271305728': 11, '903802350337392640': 7, '965412604296417280': 5}",2qb,2024,snake,complete,17,1,2,3,1,1,1,8,1100882241665830912,2,191,,Isaiah,Likely,8131,TE,2,508836710112821248
1100882241665830912,1100882242525679616,"{'803176206307565568': 9, '863661771553091584': 1, '869365572033527808': 8, '872025954271305728': 11, '903802350337392640': 7, '965412604296417280': 5}",2qb,2024,snake,complete,17,1,2,3,1,1,1,8,1100882241665830912,1,192,,Cade,Otton,8111,TE,1,863661771553091584
1100882241665830912,1100882242525679616,"{'803176206307565568': 9, '863661771553091584': 1, '869365572033527808': 8, '872025954271305728': 11, '903802350337392640': 7, '965412604296417280': 5}",2qb,2024,snake,complete,17,1,2,3,1,1,1,8,1100882241665830912,1,193,,Chigoziem,Okonkwo,8210,TE,1,863661771553091584
1100882241665830912,1100882242525679616,"{'803176206307565568': 9, '863661771553091584': 1, '869365572033527808': 8, '872025954271305728': 11, '903802350337392640': 7, '965412604296417280': 5}",2qb,2024,snake,complete,17,1,2,3,1,1,1,8,1100882241665830912,2,194,,Roschon,Johnson,10235,RB,2,508836710112821248
1100882241665830912,1100882242525679616,"{'803176206307565568': 9, '863661771553091584': 1, '869365572033527808': 8, '872025954271305728': 11, '903802350337392640': 7, '965412604296417280': 5}",2qb,2024,snake,complete,17,1,2,3,1,1,1,8,1100882241665830912,3,195,,Taysom,Hill,4381,TE,3,610899917254406144
1100882241665830912,1100882242525679616,"{'803176206307565568': 9, '863661771553091584': 1, '869365572033527808': 8, '872025954271305728': 11, '903802350337392640': 7, '965412604296417280': 5}",2qb,2024,snake,complete,17,1,2,3,1,1,1,8,1100882241665830912,4,196,,Kimani,Vidal,11647,RB,4,839826597862309888
1100882241665830912,1100882242525679616,"{'803176206307565568': 9, '863661771553091584': 1, '869365572033527808': 8, '872025954271305728': 11, '903802350337392640': 7, '965412604296417280': 5}",2qb,2024,snake,complete,17,1,2,3,1,1,1,8,1100882241665830912,5,197,,Clyde,Edwards-Helaire,6820,RB,5,965412604296417280
1100882241665830912,1100882242525679616,"{'803176206307565568': 9, '863661771553091584': 1, '869365572033527808': 8, '872025954271305728': 11, '903802350337392640': 7, '965412604296417280': 5}",2qb,2024,snake,complete,17,1,2,3,1,1,1,8,1100882241665830912,6,198,,Drew,Lock,5854,QB,6,655452207918981120
1100882241665830912,1100882242525679616,"{'803176206307565568': 9, '863661771553091584': 1, '869365572033527808': 8, '872025954271305728': 11, '903802350337392640': 7, '965412604296417280': 5}",2qb,2024,snake,complete,17,1,2,3,1,1,1,8,1100882241665830912,7,199,,Tyler,Conklin,5133,TE,7,903802350337392640
1100882241665830912,1100882242525679616,"{'803176206307565568': 9, '863661771553091584': 1, '869365572033527808': 8, '872025954271305728': 11, '903802350337392640': 7, '965412604296417280': 5}",2qb,2024,snake,complete,17,1,2,3,1,1,1,8,1100882241665830912,8,200,,Ja'Tavion,Sanders,11600,TE,8,869365572033527808
1100882241665830912,1100882242525679616,"{'803176206307565568': 9, '863661771553091584': 1, '869365572033527808': 8, '872025954271305728': 11, '903802350337392640': 7, '965412604296417280': 5}",2qb,2024,snake,complete,17,1,2,3,1,1,1,8,1100882241665830912,9,201,,Khalil,Herbert,7608,RB,9,803176206307565568
1100882241665830912,1100882242525679616,"{'803176206307565568': 9, '863661771553091584': 1, '869365572033527808': 8, '872025954271305728': 11, '903802350337392640': 7, '965412604296417280': 5}",2qb,2024,snake,complete,17,1,2,3,1,1,1,8,1100882241665830912,10,202,,Rashod,Bateman,7571,WR,10,330890120926343168
1100882241665830912,1100882242525679616,"{'803176206307565568': 9, '863661771553091584': 1, '869365572033527808': 8, '872025954271305728': 11, '903802350337392640': 7, '965412604296417280': 5}",2qb,2024,snake,complete,17,1,2,3,1,1,1,8,1100882241665830912,11,203,,Bucky,Irving,11584,RB,11,872025954271305728
1100882241665830912,1100882242525679616,"{'803176206307565568': 9, '863661771553091584': 1, '869365572033527808': 8, '872025954271305728': 11, '903802350337392640': 7, '965412604296417280': 5}",2qb,2024,snake,complete,17,1,2,3,1,1,1,8,1100882241665830912,12,204,,Darren,Waller,2505,TE,12,710677084837572608
